Sample	Barcode	Total_Pairs	Pairs_With_Adapter	Pairs_Written	Percent_Written
F14	ACAGAT	67921806	7580596	7580596	11.2
F27	ATCGTG	67921806	5034139	5034139	7.4
F28	CACGAT	67921806	11203299	11203299	16.5
F41	CACTGA	67921806	13035956	13035956	19.2
F48	CTGACG	67921806	4857809	4857809	7.2
F49	GAGTGA	67921806	6585907	6585907	9.7
F50	GTATAC	67921806	6326080	6326080	9.3
F54	TCGAGC	67921806	4264842	4264842	6.3
N2	ACAGAT	102568069	15041636	15041636	14.7
N4	ATCGTG	102568069	13084158	13084158	12.8
N29	CACGAT	102568069	11301493	11301493	11.0
N31	CACTGA	102568069	11220256	11220256	10.9
N32	CTGACG	102568069	12468472	12468472	12.2
N33	GAGTGA	102568069	12076647	12076647	11.8
N41	GTATAC	102568069	13737880	13737880	13.4
N42	TCGAGC	102568069	11268301	11268301	11.0
